--
-- PostgreSQL database dump
--

-- Dumped from database version 17.4
-- Dumped by pg_dump version 17.4

SET statement_timeout = 0;
SET lock_timeout = 0;
SET idle_in_transaction_session_timeout = 0;
SET transaction_timeout = 0;
SET client_encoding = 'UTF8';
SET standard_conforming_strings = on;
SELECT pg_catalog.set_config('search_path', '', false);
SET check_function_bodies = false;
SET xmloption = content;
SET client_min_messages = warning;
SET row_security = off;

SET default_tablespace = '';

SET default_table_access_method = heap;

--
-- Name: article_tags; Type: TABLE; Schema: public; Owner: postgres
--

CREATE TABLE public.article_tags (
    article_id integer NOT NULL,
    tag_id integer NOT NULL
);


ALTER TABLE public.article_tags OWNER TO postgres;

--
-- Name: articles; Type: TABLE; Schema: public; Owner: postgres
--

CREATE TABLE public.articles (
    id integer NOT NULL,
    title character varying(255) NOT NULL,
    content text NOT NULL,
    author_id integer,
    category_id integer,
    created_at timestamp without time zone DEFAULT now(),
    updated_at timestamp without time zone DEFAULT now()
);


ALTER TABLE public.articles OWNER TO postgres;

--
-- Name: articles_id_seq; Type: SEQUENCE; Schema: public; Owner: postgres
--

CREATE SEQUENCE public.articles_id_seq
    AS integer
    START WITH 1
    INCREMENT BY 1
    NO MINVALUE
    NO MAXVALUE
    CACHE 1;


ALTER SEQUENCE public.articles_id_seq OWNER TO postgres;

--
-- Name: articles_id_seq; Type: SEQUENCE OWNED BY; Schema: public; Owner: postgres
--

ALTER SEQUENCE public.articles_id_seq OWNED BY public.articles.id;


--
-- Name: authors; Type: TABLE; Schema: public; Owner: postgres
--

CREATE TABLE public.authors (
    id integer NOT NULL,
    user_id integer,
    bio text,
    profile_picture text
);


ALTER TABLE public.authors OWNER TO postgres;

--
-- Name: authors_id_seq; Type: SEQUENCE; Schema: public; Owner: postgres
--

CREATE SEQUENCE public.authors_id_seq
    AS integer
    START WITH 1
    INCREMENT BY 1
    NO MINVALUE
    NO MAXVALUE
    CACHE 1;


ALTER SEQUENCE public.authors_id_seq OWNER TO postgres;

--
-- Name: authors_id_seq; Type: SEQUENCE OWNED BY; Schema: public; Owner: postgres
--

ALTER SEQUENCE public.authors_id_seq OWNED BY public.authors.id;


--
-- Name: bookmarks; Type: TABLE; Schema: public; Owner: postgres
--

CREATE TABLE public.bookmarks (
    id integer NOT NULL,
    user_id integer,
    article_id integer,
    created_at timestamp without time zone DEFAULT now()
);


ALTER TABLE public.bookmarks OWNER TO postgres;

--
-- Name: bookmarks_id_seq; Type: SEQUENCE; Schema: public; Owner: postgres
--

CREATE SEQUENCE public.bookmarks_id_seq
    AS integer
    START WITH 1
    INCREMENT BY 1
    NO MINVALUE
    NO MAXVALUE
    CACHE 1;


ALTER SEQUENCE public.bookmarks_id_seq OWNER TO postgres;

--
-- Name: bookmarks_id_seq; Type: SEQUENCE OWNED BY; Schema: public; Owner: postgres
--

ALTER SEQUENCE public.bookmarks_id_seq OWNED BY public.bookmarks.id;


--
-- Name: categories; Type: TABLE; Schema: public; Owner: postgres
--

CREATE TABLE public.categories (
    id integer NOT NULL,
    name character varying(100) NOT NULL
);


ALTER TABLE public.categories OWNER TO postgres;

--
-- Name: categories_id_seq; Type: SEQUENCE; Schema: public; Owner: postgres
--

CREATE SEQUENCE public.categories_id_seq
    AS integer
    START WITH 1
    INCREMENT BY 1
    NO MINVALUE
    NO MAXVALUE
    CACHE 1;


ALTER SEQUENCE public.categories_id_seq OWNER TO postgres;

--
-- Name: categories_id_seq; Type: SEQUENCE OWNED BY; Schema: public; Owner: postgres
--

ALTER SEQUENCE public.categories_id_seq OWNED BY public.categories.id;


--
-- Name: comments; Type: TABLE; Schema: public; Owner: postgres
--

CREATE TABLE public.comments (
    id integer NOT NULL,
    article_id integer,
    user_id integer,
    content text NOT NULL,
    created_at timestamp without time zone DEFAULT now()
);


ALTER TABLE public.comments OWNER TO postgres;

--
-- Name: comments_id_seq; Type: SEQUENCE; Schema: public; Owner: postgres
--

CREATE SEQUENCE public.comments_id_seq
    AS integer
    START WITH 1
    INCREMENT BY 1
    NO MINVALUE
    NO MAXVALUE
    CACHE 1;


ALTER SEQUENCE public.comments_id_seq OWNER TO postgres;

--
-- Name: comments_id_seq; Type: SEQUENCE OWNED BY; Schema: public; Owner: postgres
--

ALTER SEQUENCE public.comments_id_seq OWNED BY public.comments.id;


--
-- Name: likes; Type: TABLE; Schema: public; Owner: postgres
--

CREATE TABLE public.likes (
    id integer NOT NULL,
    user_id integer,
    article_id integer,
    created_at timestamp without time zone DEFAULT now()
);


ALTER TABLE public.likes OWNER TO postgres;

--
-- Name: likes_id_seq; Type: SEQUENCE; Schema: public; Owner: postgres
--

CREATE SEQUENCE public.likes_id_seq
    AS integer
    START WITH 1
    INCREMENT BY 1
    NO MINVALUE
    NO MAXVALUE
    CACHE 1;


ALTER SEQUENCE public.likes_id_seq OWNER TO postgres;

--
-- Name: likes_id_seq; Type: SEQUENCE OWNED BY; Schema: public; Owner: postgres
--

ALTER SEQUENCE public.likes_id_seq OWNED BY public.likes.id;


--
-- Name: logs; Type: TABLE; Schema: public; Owner: postgres
--

CREATE TABLE public.logs (
    id integer NOT NULL,
    user_id integer,
    action text NOT NULL,
    created_at timestamp without time zone DEFAULT now()
);


ALTER TABLE public.logs OWNER TO postgres;

--
-- Name: logs_id_seq; Type: SEQUENCE; Schema: public; Owner: postgres
--

CREATE SEQUENCE public.logs_id_seq
    AS integer
    START WITH 1
    INCREMENT BY 1
    NO MINVALUE
    NO MAXVALUE
    CACHE 1;


ALTER SEQUENCE public.logs_id_seq OWNER TO postgres;

--
-- Name: logs_id_seq; Type: SEQUENCE OWNED BY; Schema: public; Owner: postgres
--

ALTER SEQUENCE public.logs_id_seq OWNED BY public.logs.id;


--
-- Name: media_files; Type: TABLE; Schema: public; Owner: postgres
--

CREATE TABLE public.media_files (
    id integer NOT NULL,
    article_id integer,
    file_url text NOT NULL,
    file_type character varying(50) NOT NULL
);


ALTER TABLE public.media_files OWNER TO postgres;

--
-- Name: media_files_id_seq; Type: SEQUENCE; Schema: public; Owner: postgres
--

CREATE SEQUENCE public.media_files_id_seq
    AS integer
    START WITH 1
    INCREMENT BY 1
    NO MINVALUE
    NO MAXVALUE
    CACHE 1;


ALTER SEQUENCE public.media_files_id_seq OWNER TO postgres;

--
-- Name: media_files_id_seq; Type: SEQUENCE OWNED BY; Schema: public; Owner: postgres
--

ALTER SEQUENCE public.media_files_id_seq OWNED BY public.media_files.id;


--
-- Name: notifications; Type: TABLE; Schema: public; Owner: postgres
--

CREATE TABLE public.notifications (
    id integer NOT NULL,
    user_id integer,
    message text NOT NULL,
    is_read boolean DEFAULT false,
    created_at timestamp without time zone DEFAULT now()
);


ALTER TABLE public.notifications OWNER TO postgres;

--
-- Name: notifications_id_seq; Type: SEQUENCE; Schema: public; Owner: postgres
--

CREATE SEQUENCE public.notifications_id_seq
    AS integer
    START WITH 1
    INCREMENT BY 1
    NO MINVALUE
    NO MAXVALUE
    CACHE 1;


ALTER SEQUENCE public.notifications_id_seq OWNER TO postgres;

--
-- Name: notifications_id_seq; Type: SEQUENCE OWNED BY; Schema: public; Owner: postgres
--

ALTER SEQUENCE public.notifications_id_seq OWNED BY public.notifications.id;


--
-- Name: roles; Type: TABLE; Schema: public; Owner: postgres
--

CREATE TABLE public.roles (
    id integer NOT NULL,
    name character varying(50) NOT NULL
);


ALTER TABLE public.roles OWNER TO postgres;

--
-- Name: roles_id_seq; Type: SEQUENCE; Schema: public; Owner: postgres
--

CREATE SEQUENCE public.roles_id_seq
    AS integer
    START WITH 1
    INCREMENT BY 1
    NO MINVALUE
    NO MAXVALUE
    CACHE 1;


ALTER SEQUENCE public.roles_id_seq OWNER TO postgres;

--
-- Name: roles_id_seq; Type: SEQUENCE OWNED BY; Schema: public; Owner: postgres
--

ALTER SEQUENCE public.roles_id_seq OWNED BY public.roles.id;


--
-- Name: settings; Type: TABLE; Schema: public; Owner: postgres
--

CREATE TABLE public.settings (
    id integer NOT NULL,
    setting_key character varying(100) NOT NULL,
    setting_value text NOT NULL
);


ALTER TABLE public.settings OWNER TO postgres;

--
-- Name: settings_id_seq; Type: SEQUENCE; Schema: public; Owner: postgres
--

CREATE SEQUENCE public.settings_id_seq
    AS integer
    START WITH 1
    INCREMENT BY 1
    NO MINVALUE
    NO MAXVALUE
    CACHE 1;


ALTER SEQUENCE public.settings_id_seq OWNER TO postgres;

--
-- Name: settings_id_seq; Type: SEQUENCE OWNED BY; Schema: public; Owner: postgres
--

ALTER SEQUENCE public.settings_id_seq OWNED BY public.settings.id;


--
-- Name: subscriptions; Type: TABLE; Schema: public; Owner: postgres
--

CREATE TABLE public.subscriptions (
    id integer NOT NULL,
    user_id integer,
    subscribed_to integer,
    created_at timestamp without time zone DEFAULT now()
);


ALTER TABLE public.subscriptions OWNER TO postgres;

--
-- Name: subscriptions_id_seq; Type: SEQUENCE; Schema: public; Owner: postgres
--

CREATE SEQUENCE public.subscriptions_id_seq
    AS integer
    START WITH 1
    INCREMENT BY 1
    NO MINVALUE
    NO MAXVALUE
    CACHE 1;


ALTER SEQUENCE public.subscriptions_id_seq OWNER TO postgres;

--
-- Name: subscriptions_id_seq; Type: SEQUENCE OWNED BY; Schema: public; Owner: postgres
--

ALTER SEQUENCE public.subscriptions_id_seq OWNED BY public.subscriptions.id;


--
-- Name: tags; Type: TABLE; Schema: public; Owner: postgres
--

CREATE TABLE public.tags (
    id integer NOT NULL,
    name character varying(50) NOT NULL
);


ALTER TABLE public.tags OWNER TO postgres;

--
-- Name: tags_id_seq; Type: SEQUENCE; Schema: public; Owner: postgres
--

CREATE SEQUENCE public.tags_id_seq
    AS integer
    START WITH 1
    INCREMENT BY 1
    NO MINVALUE
    NO MAXVALUE
    CACHE 1;


ALTER SEQUENCE public.tags_id_seq OWNER TO postgres;

--
-- Name: tags_id_seq; Type: SEQUENCE OWNED BY; Schema: public; Owner: postgres
--

ALTER SEQUENCE public.tags_id_seq OWNED BY public.tags.id;


--
-- Name: users; Type: TABLE; Schema: public; Owner: postgres
--

CREATE TABLE public.users (
    id integer NOT NULL,
    username character varying(50) NOT NULL,
    email character varying(100) NOT NULL,
    password_hash text NOT NULL,
    role_id integer,
    created_at timestamp without time zone DEFAULT now()
);


ALTER TABLE public.users OWNER TO postgres;

--
-- Name: users_id_seq; Type: SEQUENCE; Schema: public; Owner: postgres
--

CREATE SEQUENCE public.users_id_seq
    AS integer
    START WITH 1
    INCREMENT BY 1
    NO MINVALUE
    NO MAXVALUE
    CACHE 1;


ALTER SEQUENCE public.users_id_seq OWNER TO postgres;

--
-- Name: users_id_seq; Type: SEQUENCE OWNED BY; Schema: public; Owner: postgres
--

ALTER SEQUENCE public.users_id_seq OWNED BY public.users.id;


--
-- Name: articles id; Type: DEFAULT; Schema: public; Owner: postgres
--

ALTER TABLE ONLY public.articles ALTER COLUMN id SET DEFAULT nextval('public.articles_id_seq'::regclass);


--
-- Name: authors id; Type: DEFAULT; Schema: public; Owner: postgres
--

ALTER TABLE ONLY public.authors ALTER COLUMN id SET DEFAULT nextval('public.authors_id_seq'::regclass);


--
-- Name: bookmarks id; Type: DEFAULT; Schema: public; Owner: postgres
--

ALTER TABLE ONLY public.bookmarks ALTER COLUMN id SET DEFAULT nextval('public.bookmarks_id_seq'::regclass);


--
-- Name: categories id; Type: DEFAULT; Schema: public; Owner: postgres
--

ALTER TABLE ONLY public.categories ALTER COLUMN id SET DEFAULT nextval('public.categories_id_seq'::regclass);


--
-- Name: comments id; Type: DEFAULT; Schema: public; Owner: postgres
--

ALTER TABLE ONLY public.comments ALTER COLUMN id SET DEFAULT nextval('public.comments_id_seq'::regclass);


--
-- Name: likes id; Type: DEFAULT; Schema: public; Owner: postgres
--

ALTER TABLE ONLY public.likes ALTER COLUMN id SET DEFAULT nextval('public.likes_id_seq'::regclass);


--
-- Name: logs id; Type: DEFAULT; Schema: public; Owner: postgres
--

ALTER TABLE ONLY public.logs ALTER COLUMN id SET DEFAULT nextval('public.logs_id_seq'::regclass);


--
-- Name: media_files id; Type: DEFAULT; Schema: public; Owner: postgres
--

ALTER TABLE ONLY public.media_files ALTER COLUMN id SET DEFAULT nextval('public.media_files_id_seq'::regclass);


--
-- Name: notifications id; Type: DEFAULT; Schema: public; Owner: postgres
--

ALTER TABLE ONLY public.notifications ALTER COLUMN id SET DEFAULT nextval('public.notifications_id_seq'::regclass);


--
-- Name: roles id; Type: DEFAULT; Schema: public; Owner: postgres
--

ALTER TABLE ONLY public.roles ALTER COLUMN id SET DEFAULT nextval('public.roles_id_seq'::regclass);


--
-- Name: settings id; Type: DEFAULT; Schema: public; Owner: postgres
--

ALTER TABLE ONLY public.settings ALTER COLUMN id SET DEFAULT nextval('public.settings_id_seq'::regclass);


--
-- Name: subscriptions id; Type: DEFAULT; Schema: public; Owner: postgres
--

ALTER TABLE ONLY public.subscriptions ALTER COLUMN id SET DEFAULT nextval('public.subscriptions_id_seq'::regclass);


--
-- Name: tags id; Type: DEFAULT; Schema: public; Owner: postgres
--

ALTER TABLE ONLY public.tags ALTER COLUMN id SET DEFAULT nextval('public.tags_id_seq'::regclass);


--
-- Name: users id; Type: DEFAULT; Schema: public; Owner: postgres
--

ALTER TABLE ONLY public.users ALTER COLUMN id SET DEFAULT nextval('public.users_id_seq'::regclass);


--
-- Data for Name: article_tags; Type: TABLE DATA; Schema: public; Owner: postgres
--

COPY public.article_tags (article_id, tag_id) FROM stdin;
1	1
2	2
3	3
\.


--
-- Data for Name: articles; Type: TABLE DATA; Schema: public; Owner: postgres
--

COPY public.articles (id, title, content, author_id, category_id, created_at, updated_at) FROM stdin;
1	Новости AI	ИИ развивается быстро...	2	3	2025-03-05 10:45:14.942335	2025-03-05 10:45:14.942335
2	Футбол сегодня	Сегодня прошел важный матч...	2	2	2025-03-05 10:45:14.942335	2025-03-05 10:45:14.942335
3	Выборы 2025	Ожидаются большие изменения...	2	1	2025-03-05 10:45:14.942335	2025-03-05 10:45:14.942335
\.


--
-- Data for Name: authors; Type: TABLE DATA; Schema: public; Owner: postgres
--

COPY public.authors (id, user_id, bio, profile_picture) FROM stdin;
1	2	Журналист с 10-летним стажем.	https://example.com/profile.jpg
\.


--
-- Data for Name: bookmarks; Type: TABLE DATA; Schema: public; Owner: postgres
--

COPY public.bookmarks (id, user_id, article_id, created_at) FROM stdin;
1	3	1	2025-03-05 10:45:15.075694
\.


--
-- Data for Name: categories; Type: TABLE DATA; Schema: public; Owner: postgres
--

COPY public.categories (id, name) FROM stdin;
1	Политика
2	Спорт
3	Технологии
\.


--
-- Data for Name: comments; Type: TABLE DATA; Schema: public; Owner: postgres
--

COPY public.comments (id, article_id, user_id, content, created_at) FROM stdin;
1	1	3	Очень интересная статья!	2025-03-05 10:45:14.963035
2	2	3	Я не согласен с этим мнением.	2025-03-05 10:45:14.963035
\.


--
-- Data for Name: likes; Type: TABLE DATA; Schema: public; Owner: postgres
--

COPY public.likes (id, user_id, article_id, created_at) FROM stdin;
1	3	1	2025-03-05 10:45:15.056635
2	3	2	2025-03-05 10:45:15.056635
\.


--
-- Data for Name: logs; Type: TABLE DATA; Schema: public; Owner: postgres
--

COPY public.logs (id, user_id, action, created_at) FROM stdin;
1	2	Создана новая статья	2025-03-05 10:45:15.128521
\.


--
-- Data for Name: media_files; Type: TABLE DATA; Schema: public; Owner: postgres
--

COPY public.media_files (id, article_id, file_url, file_type) FROM stdin;
1	1	https://example.com/ai.jpg	image
2	2	https://example.com/football.mp4	video
\.


--
-- Data for Name: notifications; Type: TABLE DATA; Schema: public; Owner: postgres
--

COPY public.notifications (id, user_id, message, is_read, created_at) FROM stdin;
1	3	У вас новый комментарий.	f	2025-03-05 10:45:15.0944
\.


--
-- Data for Name: roles; Type: TABLE DATA; Schema: public; Owner: postgres
--

COPY public.roles (id, name) FROM stdin;
1	admin
2	editor
3	reader
\.


--
-- Data for Name: settings; Type: TABLE DATA; Schema: public; Owner: postgres
--

COPY public.settings (id, setting_key, setting_value) FROM stdin;
1	site_name	Новостной портал
2	theme	light
\.


--
-- Data for Name: subscriptions; Type: TABLE DATA; Schema: public; Owner: postgres
--

COPY public.subscriptions (id, user_id, subscribed_to, created_at) FROM stdin;
1	3	2	2025-03-05 10:45:15.039406
\.


--
-- Data for Name: tags; Type: TABLE DATA; Schema: public; Owner: postgres
--

COPY public.tags (id, name) FROM stdin;
1	AI
2	Футбол
3	Выборы
\.


--
-- Data for Name: users; Type: TABLE DATA; Schema: public; Owner: postgres
--

COPY public.users (id, username, email, password_hash, role_id, created_at) FROM stdin;
1	admin_user	admin@example.com	hashed_password_1	1	2025-03-05 10:45:14.886983
2	editor_user	editor@example.com	hashed_password_2	2	2025-03-05 10:45:14.886983
3	reader_user	reader@example.com	hashed_password_3	3	2025-03-05 10:45:14.886983
\.


--
-- Name: articles_id_seq; Type: SEQUENCE SET; Schema: public; Owner: postgres
--

SELECT pg_catalog.setval('public.articles_id_seq', 3, true);


--
-- Name: authors_id_seq; Type: SEQUENCE SET; Schema: public; Owner: postgres
--

SELECT pg_catalog.setval('public.authors_id_seq', 1, true);


--
-- Name: bookmarks_id_seq; Type: SEQUENCE SET; Schema: public; Owner: postgres
--

SELECT pg_catalog.setval('public.bookmarks_id_seq', 1, true);


--
-- Name: categories_id_seq; Type: SEQUENCE SET; Schema: public; Owner: postgres
--

SELECT pg_catalog.setval('public.categories_id_seq', 3, true);


--
-- Name: comments_id_seq; Type: SEQUENCE SET; Schema: public; Owner: postgres
--

SELECT pg_catalog.setval('public.comments_id_seq', 2, true);


--
-- Name: likes_id_seq; Type: SEQUENCE SET; Schema: public; Owner: postgres
--

SELECT pg_catalog.setval('public.likes_id_seq', 2, true);


--
-- Name: logs_id_seq; Type: SEQUENCE SET; Schema: public; Owner: postgres
--

SELECT pg_catalog.setval('public.logs_id_seq', 1, true);


--
-- Name: media_files_id_seq; Type: SEQUENCE SET; Schema: public; Owner: postgres
--

SELECT pg_catalog.setval('public.media_files_id_seq', 2, true);


--
-- Name: notifications_id_seq; Type: SEQUENCE SET; Schema: public; Owner: postgres
--

SELECT pg_catalog.setval('public.notifications_id_seq', 1, true);


--
-- Name: roles_id_seq; Type: SEQUENCE SET; Schema: public; Owner: postgres
--

SELECT pg_catalog.setval('public.roles_id_seq', 3, true);


--
-- Name: settings_id_seq; Type: SEQUENCE SET; Schema: public; Owner: postgres
--

SELECT pg_catalog.setval('public.settings_id_seq', 2, true);


--
-- Name: subscriptions_id_seq; Type: SEQUENCE SET; Schema: public; Owner: postgres
--

SELECT pg_catalog.setval('public.subscriptions_id_seq', 1, true);


--
-- Name: tags_id_seq; Type: SEQUENCE SET; Schema: public; Owner: postgres
--

SELECT pg_catalog.setval('public.tags_id_seq', 3, true);


--
-- Name: users_id_seq; Type: SEQUENCE SET; Schema: public; Owner: postgres
--

SELECT pg_catalog.setval('public.users_id_seq', 3, true);


--
-- Name: article_tags article_tags_pkey; Type: CONSTRAINT; Schema: public; Owner: postgres
--

ALTER TABLE ONLY public.article_tags
    ADD CONSTRAINT article_tags_pkey PRIMARY KEY (article_id, tag_id);


--
-- Name: articles articles_pkey; Type: CONSTRAINT; Schema: public; Owner: postgres
--

ALTER TABLE ONLY public.articles
    ADD CONSTRAINT articles_pkey PRIMARY KEY (id);


--
-- Name: authors authors_pkey; Type: CONSTRAINT; Schema: public; Owner: postgres
--

ALTER TABLE ONLY public.authors
    ADD CONSTRAINT authors_pkey PRIMARY KEY (id);


--
-- Name: bookmarks bookmarks_pkey; Type: CONSTRAINT; Schema: public; Owner: postgres
--

ALTER TABLE ONLY public.bookmarks
    ADD CONSTRAINT bookmarks_pkey PRIMARY KEY (id);


--
-- Name: bookmarks bookmarks_user_id_article_id_key; Type: CONSTRAINT; Schema: public; Owner: postgres
--

ALTER TABLE ONLY public.bookmarks
    ADD CONSTRAINT bookmarks_user_id_article_id_key UNIQUE (user_id, article_id);


--
-- Name: categories categories_name_key; Type: CONSTRAINT; Schema: public; Owner: postgres
--

ALTER TABLE ONLY public.categories
    ADD CONSTRAINT categories_name_key UNIQUE (name);


--
-- Name: categories categories_pkey; Type: CONSTRAINT; Schema: public; Owner: postgres
--

ALTER TABLE ONLY public.categories
    ADD CONSTRAINT categories_pkey PRIMARY KEY (id);


--
-- Name: comments comments_pkey; Type: CONSTRAINT; Schema: public; Owner: postgres
--

ALTER TABLE ONLY public.comments
    ADD CONSTRAINT comments_pkey PRIMARY KEY (id);


--
-- Name: likes likes_pkey; Type: CONSTRAINT; Schema: public; Owner: postgres
--

ALTER TABLE ONLY public.likes
    ADD CONSTRAINT likes_pkey PRIMARY KEY (id);


--
-- Name: likes likes_user_id_article_id_key; Type: CONSTRAINT; Schema: public; Owner: postgres
--

ALTER TABLE ONLY public.likes
    ADD CONSTRAINT likes_user_id_article_id_key UNIQUE (user_id, article_id);


--
-- Name: logs logs_pkey; Type: CONSTRAINT; Schema: public; Owner: postgres
--

ALTER TABLE ONLY public.logs
    ADD CONSTRAINT logs_pkey PRIMARY KEY (id);


--
-- Name: media_files media_files_pkey; Type: CONSTRAINT; Schema: public; Owner: postgres
--

ALTER TABLE ONLY public.media_files
    ADD CONSTRAINT media_files_pkey PRIMARY KEY (id);


--
-- Name: notifications notifications_pkey; Type: CONSTRAINT; Schema: public; Owner: postgres
--

ALTER TABLE ONLY public.notifications
    ADD CONSTRAINT notifications_pkey PRIMARY KEY (id);


--
-- Name: roles roles_name_key; Type: CONSTRAINT; Schema: public; Owner: postgres
--

ALTER TABLE ONLY public.roles
    ADD CONSTRAINT roles_name_key UNIQUE (name);


--
-- Name: roles roles_pkey; Type: CONSTRAINT; Schema: public; Owner: postgres
--

ALTER TABLE ONLY public.roles
    ADD CONSTRAINT roles_pkey PRIMARY KEY (id);


--
-- Name: settings settings_pkey; Type: CONSTRAINT; Schema: public; Owner: postgres
--

ALTER TABLE ONLY public.settings
    ADD CONSTRAINT settings_pkey PRIMARY KEY (id);


--
-- Name: settings settings_setting_key_key; Type: CONSTRAINT; Schema: public; Owner: postgres
--

ALTER TABLE ONLY public.settings
    ADD CONSTRAINT settings_setting_key_key UNIQUE (setting_key);


--
-- Name: subscriptions subscriptions_pkey; Type: CONSTRAINT; Schema: public; Owner: postgres
--

ALTER TABLE ONLY public.subscriptions
    ADD CONSTRAINT subscriptions_pkey PRIMARY KEY (id);


--
-- Name: subscriptions subscriptions_user_id_subscribed_to_key; Type: CONSTRAINT; Schema: public; Owner: postgres
--

ALTER TABLE ONLY public.subscriptions
    ADD CONSTRAINT subscriptions_user_id_subscribed_to_key UNIQUE (user_id, subscribed_to);


--
-- Name: tags tags_name_key; Type: CONSTRAINT; Schema: public; Owner: postgres
--

ALTER TABLE ONLY public.tags
    ADD CONSTRAINT tags_name_key UNIQUE (name);


--
-- Name: tags tags_pkey; Type: CONSTRAINT; Schema: public; Owner: postgres
--

ALTER TABLE ONLY public.tags
    ADD CONSTRAINT tags_pkey PRIMARY KEY (id);


--
-- Name: users users_email_key; Type: CONSTRAINT; Schema: public; Owner: postgres
--

ALTER TABLE ONLY public.users
    ADD CONSTRAINT users_email_key UNIQUE (email);


--
-- Name: users users_pkey; Type: CONSTRAINT; Schema: public; Owner: postgres
--

ALTER TABLE ONLY public.users
    ADD CONSTRAINT users_pkey PRIMARY KEY (id);


--
-- Name: users users_username_key; Type: CONSTRAINT; Schema: public; Owner: postgres
--

ALTER TABLE ONLY public.users
    ADD CONSTRAINT users_username_key UNIQUE (username);


--
-- Name: article_tags article_tags_article_id_fkey; Type: FK CONSTRAINT; Schema: public; Owner: postgres
--

ALTER TABLE ONLY public.article_tags
    ADD CONSTRAINT article_tags_article_id_fkey FOREIGN KEY (article_id) REFERENCES public.articles(id) ON DELETE CASCADE;


--
-- Name: article_tags article_tags_tag_id_fkey; Type: FK CONSTRAINT; Schema: public; Owner: postgres
--

ALTER TABLE ONLY public.article_tags
    ADD CONSTRAINT article_tags_tag_id_fkey FOREIGN KEY (tag_id) REFERENCES public.tags(id) ON DELETE CASCADE;


--
-- Name: articles articles_author_id_fkey; Type: FK CONSTRAINT; Schema: public; Owner: postgres
--

ALTER TABLE ONLY public.articles
    ADD CONSTRAINT articles_author_id_fkey FOREIGN KEY (author_id) REFERENCES public.users(id) ON DELETE CASCADE;


--
-- Name: articles articles_category_id_fkey; Type: FK CONSTRAINT; Schema: public; Owner: postgres
--

ALTER TABLE ONLY public.articles
    ADD CONSTRAINT articles_category_id_fkey FOREIGN KEY (category_id) REFERENCES public.categories(id) ON DELETE SET NULL;


--
-- Name: authors authors_user_id_fkey; Type: FK CONSTRAINT; Schema: public; Owner: postgres
--

ALTER TABLE ONLY public.authors
    ADD CONSTRAINT authors_user_id_fkey FOREIGN KEY (user_id) REFERENCES public.users(id) ON DELETE CASCADE;


--
-- Name: bookmarks bookmarks_article_id_fkey; Type: FK CONSTRAINT; Schema: public; Owner: postgres
--

ALTER TABLE ONLY public.bookmarks
    ADD CONSTRAINT bookmarks_article_id_fkey FOREIGN KEY (article_id) REFERENCES public.articles(id) ON DELETE CASCADE;


--
-- Name: bookmarks bookmarks_user_id_fkey; Type: FK CONSTRAINT; Schema: public; Owner: postgres
--

ALTER TABLE ONLY public.bookmarks
    ADD CONSTRAINT bookmarks_user_id_fkey FOREIGN KEY (user_id) REFERENCES public.users(id) ON DELETE CASCADE;


--
-- Name: comments comments_article_id_fkey; Type: FK CONSTRAINT; Schema: public; Owner: postgres
--

ALTER TABLE ONLY public.comments
    ADD CONSTRAINT comments_article_id_fkey FOREIGN KEY (article_id) REFERENCES public.articles(id) ON DELETE CASCADE;


--
-- Name: comments comments_user_id_fkey; Type: FK CONSTRAINT; Schema: public; Owner: postgres
--

ALTER TABLE ONLY public.comments
    ADD CONSTRAINT comments_user_id_fkey FOREIGN KEY (user_id) REFERENCES public.users(id) ON DELETE SET NULL;


--
-- Name: likes likes_article_id_fkey; Type: FK CONSTRAINT; Schema: public; Owner: postgres
--

ALTER TABLE ONLY public.likes
    ADD CONSTRAINT likes_article_id_fkey FOREIGN KEY (article_id) REFERENCES public.articles(id) ON DELETE CASCADE;


--
-- Name: likes likes_user_id_fkey; Type: FK CONSTRAINT; Schema: public; Owner: postgres
--

ALTER TABLE ONLY public.likes
    ADD CONSTRAINT likes_user_id_fkey FOREIGN KEY (user_id) REFERENCES public.users(id) ON DELETE CASCADE;


--
-- Name: logs logs_user_id_fkey; Type: FK CONSTRAINT; Schema: public; Owner: postgres
--

ALTER TABLE ONLY public.logs
    ADD CONSTRAINT logs_user_id_fkey FOREIGN KEY (user_id) REFERENCES public.users(id) ON DELETE SET NULL;


--
-- Name: media_files media_files_article_id_fkey; Type: FK CONSTRAINT; Schema: public; Owner: postgres
--

ALTER TABLE ONLY public.media_files
    ADD CONSTRAINT media_files_article_id_fkey FOREIGN KEY (article_id) REFERENCES public.articles(id) ON DELETE CASCADE;


--
-- Name: notifications notifications_user_id_fkey; Type: FK CONSTRAINT; Schema: public; Owner: postgres
--

ALTER TABLE ONLY public.notifications
    ADD CONSTRAINT notifications_user_id_fkey FOREIGN KEY (user_id) REFERENCES public.users(id) ON DELETE CASCADE;


--
-- Name: subscriptions subscriptions_subscribed_to_fkey; Type: FK CONSTRAINT; Schema: public; Owner: postgres
--

ALTER TABLE ONLY public.subscriptions
    ADD CONSTRAINT subscriptions_subscribed_to_fkey FOREIGN KEY (subscribed_to) REFERENCES public.users(id) ON DELETE CASCADE;


--
-- Name: subscriptions subscriptions_user_id_fkey; Type: FK CONSTRAINT; Schema: public; Owner: postgres
--

ALTER TABLE ONLY public.subscriptions
    ADD CONSTRAINT subscriptions_user_id_fkey FOREIGN KEY (user_id) REFERENCES public.users(id) ON DELETE CASCADE;


--
-- Name: users users_role_id_fkey; Type: FK CONSTRAINT; Schema: public; Owner: postgres
--

ALTER TABLE ONLY public.users
    ADD CONSTRAINT users_role_id_fkey FOREIGN KEY (role_id) REFERENCES public.roles(id) ON DELETE SET NULL;


--
-- PostgreSQL database dump complete
--

